HPD,Department of Housing Preservation and Development,3736842
DOT,Department of Transportation,1788254
NYPD,New York City Police Department,1319545
DEP,Department of Environmental Protection,976471
DOB,Department of Buildings,521071
DPR,Department of Parks and Recreation,471189
DOHMH,Department of Health and Mental Hygiene,300111
TLC,Taxi and Limousine Commission,136829
DOF,Department of Finance,130274
DCA,Department of Consumer Affairs,128174
DSNY,Department of Sanitation,95170
DSNY,BCC - Brooklyn South,78474
DSNY,BCC - Brooklyn North,60694
DSNY,A - Brooklyn,59423
HRA,HRA Benefit Card Replacement,54275
DSNY,BCC - Queens East,53056
DSNY,A - Queens,51627
DSNY,BCC - Staten Island,50998
DSNY,BCC - Queens West,33248
DSNY,A - Illegal Posting Staten Island, Queens and Brooklyn,28768
DOB,DOB Inspections - Queens,27489
DSNY,BCC - Bronx,25624
FDNY,Bureau of Fire Prevention - Highrise Unit - Inspections,25131
DSNY,A - Manhattan,24266
DSNY,Queens East 12,20812
3-1-1,3-1-1 Call Center,20137
DSNY,A - Bronx,19619
DOF,Senior Citizen Rent Increase Exemption Unit,19062
CHALL,CHALL,18363
DSNY,A - Canine Task Force Citywide,17477
DSNY,A - Illegal Posting Manhattan and Bronx,15576
DSNY,A - Staten Island,14481
DSNY,Lot Cleaning,12852
DSNY,BCC - Manhattan,10916
DSNY,Queens East 10,10601
DSNY,Brooklyn North 03,10404
DHS,Operations Unit - Department of Homeless Services,9355
DSNY,P - Brooklyn and Staten Island,8927
DSNY,Queens West 03,7292
DSNY,Brooklyn South 10,6426
DSNY,P - Queens,6388
EDC,Economic Development Corporation,6049
DSNY,Manhattan 02,6029
HRA,HRA,5898
DSNY,Queens West 02,5671
DSNY,Bronx 10,5528
DSNY,Bronx 11,5119
DSNY,Manhattan 04,4988
DSNY,Queens West 04,4926
DSNY,Manhattan 03,4886
DOITT,Department of Information Technology and Telecommunications,4839
DSNY,Queens West 06,4725
DSNY,P - Manhattan and Bronx,4636
DSNY,Manhattan 08,4470
DSNY,Manhattan 07,4457
TLC,Correspondence - Taxi and Limousine Commission,4305
DOF,DRIE Unit,3455
DSNY,Manhattan 06,3278
DSNY,Bronx 08,3143
DOE,Central - Department of Education,2946
DSNY,Manhattan 05,2923
FDNY,Bureau of Fire Prevention - Alarm Unit - Inspections,2892
DSNY,Bronx 03,2782
3-1-1,311 Executive Office - EC,2641
DSNY,Bronx 04,2479
DFTA,Department for the Aging,2247
DSNY,Manhattan 01,2076
DPR,DPR,1835
DSNY,Bronx 05,1669
DOF,Personal Exemption Unit,1606
FDNY,FDNY,1565
DOF,Exemption Unit,1427
OPS,OPS,1277
NYCEM,NYC Emergency Management,992
DOF,Refunds and Adjustments,953
DSNY,Commissioner - EC,918
DSNY,P - Commercial Recycling Citywide,860
DSNY,DSNY,697
DOF,Land Records,455
DOHMH,DOHMH,447
DOB,DOB Inspections - Brooklyn,442
HPD,Division of Alternative Management,441
FDNY,Bureau of Fire Prevention - Public Assembly Unit - Inspections,314
OATH,OATH,290
DEP,One Stop Booth,219
DOF,Payment Operations,210
DOB,DOB Inspections - Manhattan,209
DOP,DOP,175
DOT,DOT,156
DHS,DHS Advantage Programs,154
DOB,DOB Inspections - Bronx,150
DHS,DHS Commissioner - EC,90
DOE,School - PS 57 Crescent,70
DOE,School - Fort Hamilton High School,66
FDNY,Bureau of Fire Prevention - Fire Suppression Unit - Inspections,59
DOE,School - Art and Design High School,59
DOE,School - The High School of Fashion Industries,59
DOE,School - PS 186 Dr Irving A Gladstone,53
DOE,School - Long Island City High School,52
DOE,School - New Dorp High School,47
DOE,School - PS 197 The Kings Highway Academy,46
DOE,School - Herbert H Lehman High School,44
DOE,School - John F Kennedy High School,43
DOF,Office of the Taxpayer Advocate,41
DOE,School - PS 43,41
DOE,School - PS 89 Bronx,40
DOE,School - MS 322,39
DOE,School - PS IS 210 Twenty-First Century Academy for Community Leadership,39
DOE,School - Washington Irving High School,37
DOE,School - Ella Baker School,37
DOE,School - PS 161 The Crown,36
DOHMH,Child Care and Camps Complaint Unit,36
DOE,School - PS 30 Westerleigh,36
DEP,DEP,36
DOE,School - PS 222 Katherine R Snyder,35
DOE,School - PS 150 Queens,35
DOE,School - PS 200 Benson School,34
DOE,School - The Facing History School,34
DOE,School - PS 71 Rose E Scala,32
DOE,School - PS 32 The Gifford School,32
DOE,School - PS 207 Rockwood Park,31
DOE,School - Bread and Roses Integrated Arts High School,31
DOE,School - PS 121 Queens,31
DOE,School - IS 303 Herbert S Eisenberg,31
DOE,School - PS 261 Philip Livingston,31
DOE,School - EBC High School for Public Service - Bushwick,30
DOE,School - Hillcrest High School,30
DOE,School - Tottenville High School,30
DOE,School - PS 50 Talfourd Lawn Elementary School,29
DOE,School - PS 255 Barbara Reing School,29
DOE,School - Achievement First Crown Heights Charter School,29
DOE,School - PS 118 Lorraine Hansberry,29
DOE,School - Abraham Lincoln High School,29
DOE,School - PS 178 - Dr Selman Waksman,28
FDNY,Bureau of Fire Prevention - Hazmat Unit - Inspections,27
DOE,School - PS 166 Henry Gradstein,27
DOE,School - Richmond Hill High School,26
MOIA,MOIA,26
DOE,School - New Utrecht High School,26
DOE,School - PS 123 Mahalia Jackson,26
DOE,School - PS 36 J C Drumgoole,26
DOE,School - PS 20 P O George J Werdan III,25
DOE,School - Young Women's Leadership School,25
DOE,School - Baruch College Campus High School,24
DOF,Property Exec Office,24
DOE,School - PS 45 John Tyler,24
DOE,School - PS 224 Hale A Woodruff,24
DOE,School - A Philip Randolph Campus High School,24
DOE,School - PS 124 Osmond A Church,23
DOE,School - Midwood High School,23
DOE,School - Growing Up Green Charter School,23
FDNY,Bureau of Fire Prevention - Range Hood Unit - Inspections,23
DOE,School - Frederick Douglass Academy,23
DOF,Discrepancy and Billing,22
COIB,COIB,22
DOE,School - Jane Addams High School for Academic Careers,22
DOE,School - IS 61 William A Morris,22
DOE,School - PS 68 Bronx,22
DOE,School - PS 165 Robert E Simon,22
DOE,School - PS 75 Emily Dickinson,22
DOE,School - PS 93 Albert G Oliver,22
DOE,School - PS 226 Alfred De B Mason,22
DOE,School - Port Richmond High School,21
DOE,School - The Urban Assembly School of Business for Young Women,21
DOE,School - PS 207 Elizabeth G Leary,21
DOE,School - PS 36 Margaret Douglas,21
DOE,School - Brooklyn Studio Secondary School,21
DOE,School - Dewitt Clinton High School,20
DOE,School - JHS 78 Roy H Mann,20
DOE,School - PS 225 The Eileen E Zaglin,20
DOE,School - Brooklyn Technical High School,20
DOE,School - Community Health Academy of the Heights,20
DOE,School - Norman Thomas High School,19
DOE,School - PS 282 Park Slope,19
DOE,School - PS 63 Old South,19
DOE,School - PS 56 The Louis Desario School,19
DOE,School - JHS 88 Peter Rouget,19
DOE,School - High School of Graphic Communication Arts,19
DOE,School - PS 242 The Young Diplomats Magnet Academy,18
DOE,School - PS 70 Queens,18
DOE,School - PS 76 A Philip Randolph,18
DOE,School - Clara Barton High School,18
DOE,School - PS 83 Donald Hertz,18
DOE,School - PS 9 Teunis G Bergen,18
DOE,School - Fiorello H Laguardia High School of Music and Art and Performing Arts,18
DOE,School - Harvest Collegiate High School,18
DOE,School - PS - MS 114 Belle Harbor,17
DOE,School - IS 125 Thom J McCann Woodside,17
DOE,School - New Explorers High School,17
DOE,School - PS 354,17
DOE,School - PS 3 The Bedford Village,17
DOB,DOB Inspections - Staten Island,17
DOE,School - PS 30 Queens,17
DOE,School - PS 5 Dr Ronald Mcnair,17
DOE,School - PS 194 Countee Cullen,17
DOE,School - PS 3 The Margaret Gioiosa School,16
DOE,School - PS 139 Alexine A Fenty,16
DOE,School - PS 105 Senator Abraham Bernstein,16
DOE,School - Harlem Children's Zone Promise Academy II,16
DOE,School - Mosaic Preparatory Academy,16
DOE,School - Choir Academy of Harlem,16
MOVA,MOVA,16
DOE,School - PS 205 Clarion,16
DOE,School - PS 229 Dyker,16
DOE,School - PS 160 William T Sampson,16
DOE,School - PS 329 Surfside,16
DOE,School - Andries Hudde,16
DOE,School - PS 166 The Richard Rodgers School of the Arts and Technology,16
DOE,School - IS 238 Susan B Anthony Academy,16
DOE,School - PS 87 William Sherman,16
DOE,School - South Shore Educational Complex YABC,16
DOE,School - PS 54 Samuel C Barnes,16
NYPD,NYPD,15
DOE,School - JHS 62 Ditmas,15
DOE,School - Baccalaureate School for Global Education,15
DOE,School - PS 182,15
DOE,School - PS 149 Sojourner Truth,15
DFTA,DFTA,15
DOE,School - MS 61 Dr Gladstone H Atwell,15
DOE,School - STEM Institute of Manhattan,15
DOE,School - PS 189,15
DOE,School - PS 346 Abe Stark,15
DOE,School - PS 188 Island School,15
DOE,School - Life Sciences Secondary School,15
DOE,School - International Leadership Charter High School,15
DOE,School - Murry Bergtraum High School for Business Careers,15
DOE,School - PS 191 Amsterdam,15
DOE,School - PS 28 The Warren Prep Academy,15
DOE,School - Ps-IS 268,15
DOE,School - PS 111 Adolph S Ochs,15
DOE,School - PS 38 The Pacific,15
DOE,School - PS 163 Alfred E Smith,15
DOE,School - JHS 123 James M Kieran,15
DOE,School - PS 92 Mary McLeod Bethune,15
DOE,School - PS 100 The Coney Island School,15
DOE,School - Brooklyn High School of the Arts,15
DOE,School - PS 148 Queens,14
DOE,School - High School for Environmental Studies,14
DOE,School - PS 176 Cambria Heights,14
DOE,School - PS 193 Alfred J Kennedy,14
DOE,School - PS 138 Samuel Randall,14
DOE,School - PS 88 Seneca,14
DOE,School - IS 141 The Steinway,14
DOE,School - PS 205 Alexander Graham Bell,14
DOE,School - PS-IS 295,14
DOE,School - PS 209 Margaret Mead,14
DOE,School - PS 250 George H Lindsay,14
DOE,School - PS 28 Wright Brothers,14
DOE,School - PS 32 Samuels Mills Sprole,14
DOE,School - PS 140 Edward K Ellington,14
DOE,School - PS 7 Abraham Lincoln,14
DOE,School - Susan E Wagner High School,14
DOE,School - Wadleigh Secondary School for the Performing and Visual Arts,14
DOE,School - Jacqueline Kennedy Onassis High School,14
DOE,School - PS 102 Joseph O Loretan,14
DOE,School - Christopher Columbus High School,13
DOE,School - PS 163 Bath Beach,13
DOE,School - MS 137 America's School of Heroes,13
MOFTB,MOFTB,13
DOE,School - PS 5 Ellen Lurie,13
DOE,School - JHS 74 Nathaniel Hawthorne,13
DOE,School - PS 315,13
DOE,School - PS 106 Edward Everett Hale,13
DOE,School - IS 187,13
DOE,School - IS 119 The Glendale,13
DOE,School - PS 117 J Keld - Briarwood School,13
DOE,School - Bronx Leadership Academy High School,13
DOE,School - PS 198 Isador E Ida Straus,13
DOE,School - PS 164 Caesar Rodney,13
DOE,School - PS 236 Mill Basin,13
DOE,School - PS K225 The Eileen E Zaglin,13
DOE,School - PS 48 William C Wilcox,13
DOE,School - New York City Academy for Discovery,13
DOE,School - PS 8 Issac Varian,13
DOE,School - PS 345 Patrolman Robert Bolden,13
DOE,School - PS 273 Wortman,13
DOE,School - PS 94 Kings College School,13
DOE,School - PS 197 John B Russwurm,12
3-1-1,3-1-1,12
DOE,School - Urban Assembly Academy of Government and Law,12
DOE,School - PS 198 Brooklyn,12
OPS,Mayor's Office of Operations,12
DOE,School - IS 181 Pablo Casals,12
DOE,School - JHS 216 George J Ryan,12
DOE,School - PS-IS 116 William C Hughley,12
FUND,FUND,12
DOE,School - PS 126 Dr Marjorie H Dunbar,12
DOE,School - New Explorations Science, Technology and Math High School,12
DOE,School - PS 279 Captain Manuel Rivera Jr,12
DOE,School - PS 79 Francis Lewis,12
DOE,School - Juan Morel Campos Secondary School,12
DOE,School - PS 80 Thurgood Marshall Magnet,12
DOE,School - PS 175 Henry H Garnet,12
DOE,School - PS 114 Ryder Elementary,12
DOE,School - Frank McCourt High School,12
DOE,School - PS 116 Mary Lindley Murray,12
DOE,School - PS 20 Clinton Hill,12
DOE,School - PS-IS 208,12
DOE,School - MS 319 - Maria Teresa,12
DOF,RPIE Unit,12
DOE,School - PS 92 Adrian Hegeman,12
DOE,School - PS 175 City Island,12
DOE,School - PS 288 The Shirley Tanyhill,12
DOE,School - Benjamin N Cardozo High School,12
DOE,School - August Martin High School,12
DOE,School - PS 175 The Lynn Gross Discovery School,12
DOE,School - PS 42 Eltingville,12
DOE,School - PS 333 Manhattan School for Children,12
DOE,School - PS 212 - Queens,12
DOE,School - PS 133 William A Butler,12
DOE,School - PS 75 Mayda Cortiella,12
DOE,School - IS 237,11
DOE,School - PS 234 Independence School,11
DOE,School - IS 68 Isaac Bildersee,11
DOE,School - PS 155 William Paca,11
DOE,School - PS 131 Brooklyn,11
DOE,School - Evander Childs Evening High School,11
DOE,School - Curtis High School,11
DOE,School - PS 179,11
DOE,School - PS 215 Morris H Weiss,11
DOE,School - PS 51 Elias Howe,11
DOE,School - PS 84 Lillian Weber,11
DOE,School - Academy of Finance and Enterprise,11
DOE,School - PS 52 Sheepshead Bay,11
DOE,School - PS 139 Rego Park,11
DOE,School - PS 152 Dyckman Valley,11
DOE,School - Adlai E Stevenson High School,11
DOE,School - PS 217 Colonel David Marcus School,11
DOE,School - PS 201 The Discovery School for Inquiry and Research,11
DOE,School - Unity Center for Urban Technologies,11
DOE,School - PS 54 Charles W Leng,11
DOE,School - IS 211 John Wilson,11
DOE,School - PS 63 Author's Academy,11
DOE,School - PS 377 Alejandrina B De Gautier,11
DOE,School - PS 212 Lady Deborah Moody,11
DOE,School - PS 206 The Horace Harding School,11
DOE,School - PS 91 The Albany Avenue School,11
DOE,School - PS 15 Institute for Environmental Learning,11
DOE,School - PS 196 Grand Central Parkway,11
DOE,School - PS 123,11
DOE,School - PS 22 Graniteville,11
DOE,School - PS 262 El Hajj Malik El Shabazz Elementary School,11
DOE,School - PS 149 Danny Kaye,11
DCA,DCA,11
DOE,School - IS 339,11
DOE,School - PS 19 Asher Levy,11
DOE,School - IS 218 Salome Urena,11
DOE,School - MS 51 William Alexander,11
DOE,School - Bayside High School,11
DOE,School - PS 129 Twin Parks Upper,11
DOE,School - Boys and Girls High School,11
DOE,School - William Cullen Bryant High School,11
DOE,School - PS 60 Alice Austen,10
DOE,School - JHS 234 Arthur W Cunningham,10
LAW,LAW,10
DOE,School - PS 41 Gun Hill Road,10
DOE,School - Forest Hills High School,10
DOE,School - PS 78 Anne Hutchinson,10
DOE,School - JHS 127 The Castle Hill,10
DOE,School - Queens High School of Teaching, Liberal Arts, and the Sciences,10
DOE,School - Thomas Jefferson YABC,10
DOE,School - John Bowne High School,10
DOE,School - PS 181 Brooklyn,10
DOE,School - The Marie Curie School for Medicine, Nursing, and Health Professions,10
DOE,School - High School of Sports Management,10
DOE,School - JHS 8 Richard S Grossley,10
DOE,School - JHS 190 Russell Sage,10
DOE,School - IS 230,10
DOE,School - PS 304 Early Childhood School,10
CCRB,CCRB,10
DOE,School - NYC Lab Middle School for Collaborative Studies,10
DOE,School - PS 33 Chelsea School,10
DOE,School - Harry S Truman High School,10
DOE,School - PS 49 Dorothy Bonawit Kole,10
DOE,School - PS 16 Leonard Dunkly,10
DOE,School - PS 132 Juan Pablo Duarte,10
DOE,School - PS 83 Luis Munoz Rivera,10
DOE,School - JHS 201 The Dyker Heights,10
DOE,School - High School for Violin and Dance,10
DOE,School - PS 90 Horace Mann,10
DOE,School - Academy of Urban Planning,10
DOE,School - Park East High School,10
DOE,School - PS 153 Hellen Keller,10
DOE,School - The Bronx Mathematics Preparatory School,10
DOE,School - PS 312 Bergen Beach,10
DOE,School - Albert Shanker School for Visual and Performing Arts,10
DOE,School - PS 160 Walt Disney,10
DOE,School - The Math and Science Exploratory School,10
DOE,School - JHS 217 Robert A Van Wyck,10
DOE,School - Urban Assembly School for Criminal Justice,10
DOE,School - PS 35 Nathaniel Woodhull,10
DOE,School - Williamsburg Charter High School,10
DOE,School - PS 46 Edward C Blum,10
DOE,School - PS 153 Maspeth Elem,9
DOE,School - PS 142 Amalia Castro,9
DOE,School - IS 72 Rocco Laurie,9
MOC,MOC,9
DOE,School - PS 50 Vito Marcantonio,9
DOE,School - PS 50 Frank Hankinson,9
DOE,School - Merrick Academy Queens Public Charter School,9
DOE,School - PS 335 Granville T Woods,9
DOE,School - PS 206 Joseph F Lamb,9
NYCHA,NYCHA,9
DOE,School - Food and Finance High School,9
TLC,TLC,9
NYCOOA,NYCOOA,9
DOE,School - PS 214 Cadwallader Colden,9
DOE,School - PS 289 George V Brower,9
DCLA,DCLA,9
DOE,School - Science Skills Center High School for Science, Technology, and the Creative Arts,9
DOE,School - JHS 291 Roland Hayes,9
DOE,School - PS 171 Peter G Van Alst,9
DOE,School - Thurgood Marshall Academy for Learning and Social Change,9
DOE,School - PS 211,9
DOE,School - Francis Lewis High School,9
DOE,School - PS 157 Benjamin Franklin,9
DOE,School - School for Environmental Citizenship,9
DOE,School - PS 161 Pedro Albizu Campos,9
DOE,School - Learners and Leaders,9
DOE,School - PS 23 The New Childrens School,9
DOE,School - PS 1 Alfred E Smith,9
DOE,School - PS 57 Hubert H Humphrey,9
DOE,School - Medgar Evers College Preparatory School,9
DOE,School - Grace Dodge Career and Technical Education High School,9
DOE,School - PS 200- The James McCune Smith School,9
DOE,School - PS 360,9
DOE,School - Gaynor McCown Expeditionary Learning School,9
DOE,School - PS MS 42 R Vernam,9
DOE,School - PS 209 Clearview Gardens,9
DOE,School - Flushing High School,9
DOE,School - Ralph A Fabrizio School,9
DOE,School - PS 33 Timothy Dwight,9
DOE,School - PS 13 Clement C Moore,9
DOE,School - Magnet School of Math, Science and Design Technology,9
DOE,School - PS 229 Emanuel Kaplan,9
DOE,School - PS 297 Abraham Stockton,9
DOE,School - PS 85 Great Expectations,9
DOE,School - High School for Law, Advocacy and Community Justice,9
DOE,School - PS 178 Saint Clair McKelway,9
DOE,School - PS 152 Evergreen,8
DOE,School - Frederick Douglass Academy VII High School,8
DOE,School - PS 230 Dr Roland N Patterson,8
DOE,School - 47 The American Sign Language and English Secondary School,8
DOE,School - JHS 80 The Mosholu Parkway,8
DOE,School - Enterprise, Business, and Technology High School,8
DOE,School - Manhattan Bridges High School,8
DOE,School - Richard R Green High School of Teaching,8
DOE,School - East New York Family Academy,8
DOE,School - PS 256 Benjamin Banneker,8
DOE,School - PS 143 Louis Armstrong,8
DOE,School - PS 20 Port Richmond,8
DOE,School - New World High School,8
DOE,School - Cobble Hill School of American Studies,8
DOE,School - Academy for Environmental Leadership,8
DOE,School - PS 214,8
DOE,School - PS 189 Lincoln Terrace,8
DCAS,DCAS,8
DOE,School - IS 381,8
DOE,School - Manhattan Theatre Lab High School,8
DOE,School - PS 179 Kensington,8
DOE,School - PS 87 Bronx,8
DOE,School - PS 168,8
DOE,School - PS 24 Spuyten Duyvil,8
DOE,School - PS 153 Helen Keller,8
DOE,School - IS 206 Ann Mersereau,8
DOE,School - International Community High School,8
DOE,School - PS 96 Joseph Lanzetta,8
DOE,School - PS 44 Thomas C Brown,8
DOE,School - Tag Young Scholars,8
DOE,School - PS 145 Andrew Jackson,8
DOE,School - PS 129 John H Finley,8
DOE,School - Family Life Academy Charter School,8
DOE,School - IS 313 School of Leadership Development,8
DOE,School - Bushwick Community High School,8
DOE,School - Legacy School,8
DOE,School - IS 296 The Anna Gonzalez Community School,8
DOE,School - School for Excellence,8
DOE,School - PS 196,8
NYCPPF,NYCPPF,8
AJC,AJC,8
DOE,School - The Urban Assembly Bronx Academy of Letters,8
DOE,School - PS 111 Seton Falls,8
DOE,School - PS 128 The Lorraine Tuzzo Juniper Valley Elementary School,8
DOC,DOC,8
DOE,School - The River School,8
DOE,School - PS 7 Samuel Stern,8
DOE,School - John Adams High School,8
DOE,School - IS 136 Charles O Dewey,8
DOE,School - Brooklyn School for Global Studies,8
DOE,School - PS 133 Fred R Moore,8
CAU,CAU,8
DOE,School - PS 4 Maurice Wollin,8
DOE,School - PS 8 Robert Fulton,8
DOE,School - PS 284 Lew Wallace,8
DOE,School - PS 45 Horace E Greene,8
DOE,School - PS 269 Nostrand,8
DOE,School - PS 15 Patrick F Daly,8
DOE,School - PS-IS 384 Frances E Carter,8
DOE,School - PS 55 Henry M Boehm,8
OCME,OCME,8
NYPD,Internal Affairs Bureau,8
MOPD,MOPD,7
DOE,School - PS 96 Richard Rodgers,7
DOE,School - PS 506 The School of Journalism and Technology,7
DOE,School - PS 105 The Blythebourne,7
DOE,School - The Bellaire School,7
DOE,School - PS 2 Meyer London,7
DOE,School - PS 199 Maurice A Fitzgerald,7
DOE,School - PS 169 Sunset Park,7
DOE,School - MS 35 Stephen Decatur,7
DOE,School - PS 67 Charles A Dorsey,7
DOE,School - PS 127 McKinley Park,7
DOE,School - IS 24 Myra S Barnes,7
DOE,School - ALC John Jay,7
DOE,School - School of Science and Technology,7
DOE,School - PS-MS 147 Ronald Mcnair,7
DOE,School - PS 73 Bronx,7
DOE,School - IS 73 - The Frank Sansivieri Intermediate School,7
DOE,School - High School of Economics and Finance,7
DOE,School - Dr Jacqueline Peek-Davis School,7
DOE,School - PS 770 New American Academy,7
DOE,School - PS 76 The Bennington School,7
DOE,School - PS 239,7
DOE,School - PS 226 - Bronx,7
DOE,School - PS 216 Arturo Toscanini,7
DOE,School - PS 68 Cambridge,7
DOE,School - PS 219 Kennedy-King,7
DOE,School - Franklin Delano Roosevelt High School,7
DOE,School - PS 97 Bronx,7
DOE,School - PS 81 Robert J Christen,7
DOE,School - PS 32 State Street,7
DOE,School - PS 114 - Luis Llorens Torres Schools,7
DOE,School - PS 102 The Bayview,7
DOE,School - Brooklyn Scholars Charter School,7
DOE,School - PS 1 Tottenville,7
DOE,School - JHS 223 The Montauk,7
DOE,School - PS 185 Walter Kassenbrock,7
DOE,School - Hebrew Language Academy Charter School,7
DOE,School - MS 113 Ronald Edmonds Learning Center,7
DOE,School - The Bronxwood Preparatory Academy,7
DOE,School - PS 17 Henry D Woodworth,7
DOE,School - JHS 54 Booker T Washington,7
DOE,School - PS 69 Vincent D Grippo School,7
DOE,School - PS 11 Kathryn Phelan,7
DOE,School - PS 3 Charrette School,7
DOE,School - IS 231 Magnetech 2000,7
DOE,School - High School of Hospitality Management,7
DOE,School - PS 21 Crispus Attucks,7
DOE,School - Middle School 322,7
DOE,School - Gateway School for Environmental Research and Technology,7
DOE,School - Academy for Health Careers,7
DOE,School - PS 11 Thomas Dongan School,7
DOE,School - PS 41 New Dorp,7
DOE,School - PS 105 The Bay School,7
DOE,School - PS 306 Ethan Allen,7
DOE,School - PS 13 Roberto Clemente,7
DOE,School - PS 70 Max Schoenfeld,7
DOE,School - PS 29 John M Harrigan,7
DOE,School - PS 111 Jacob Blackwell,7
DOE,School - Teachers College Community School,7
DOE,School - JHS 50 John D Wells,7
DOE,School - PS 127 Aerospace Science Magne,7
DOE,School - IS 2 George L Egbert,7
DOE,School - Franklin K Lane High School,7
DOE,School - PS 46 Edgar Allan Poe,7
DOE,School - PS 154 Jonathan D Hyatt,7
DOE,School - The Mott Hall School,7
DOE,School - School of Performing Arts,7
DOE,School - PS 151 Mary D Carter,7
DOE,School - PS 398 Walter Weaver,7
DOE,School - PS 215 Lucretia Mott,7
DOE,School - Explorations Academy,7
DOE,School - JHS 302 Rafael Cordero,7
DOE,School - Bronx Academy of Health Careers,7
DOE,School - PS 122 Mamie Fay,7
DOE,School - PS 213 New Lots,7
DOE,School - JHS 218 James P Sinnott,7
DOE,School - IS 51 Edwin Markham,7
DOE,School - PS 160 Walter Francis Bishop,7
DYCD,DYCD,7
DOE,School - PS 380 John Wayne Elementary,7
DOE,School - PS 134 Henrietta Szold,7
DOE,School - PS 170,7
DOE,School - PS 232 Lindenwood,7
DOE,School - PS 60 Woodhaven,7
DOE,School - IS 7 Elias Bernstein,7
DOITT,DoITT,7
DOE,School - PS 233 Langston Hughes,7
DOE,School - PS 4 Duke Ellington,7
DOE,School - PS 30 Hernandez-Hughes,7
DOE,School - PS 91 Richard Arkwright,7
DOE,School - PS 158 Bayard Taylor,7
DOE,School - IS 025 Adrien Block,7
DOE,School - PS 235 Lenox School,7
DOE,School - IS 10 Horace Greeley,7
DOE,School - PS 130 The Parkside,6
DOE,School - The 47 American Sign Language and English Lower School,6
DOE,School - Edward R Murrow High School,6
DOE,School - ESMT - IS 190,6
DOE,School - PS 131 Abigail Adams,6
DOE,School - PS 64 Pura Belpre,6
DOE,School - PS 22,6
DOE,School - IS 195 Roberto Clemente,6
DOE,School - PS 64 Robert Simon,6
DOE,School - PS 121 Throop,6
DOE,School - PS 25 Eubie Blake School,6
DOE,School - PS 47 Chris Galas,6
DOE,School - PS 33 Chelsea Prep,6
DOE,School - PS 112 Bronxwood,6
DOE,School - PS 72,6
DOE,School - PS 373 - Brooklyn Transition Center,6
DOE,School - PS 144 Col Jeromus Remsen,6
DOE,School - PS 109,6
DOE,School - Paul Robeson High School,6
DOE,School - PS 95 The Gravesend,6
DOE,School - PS 375 Jackie Robinson School,6
DOE,School - PS 156 Laurelton,6
DOE,School - PS 87 Middle Village,6
DOE,School - PS 37,6
DOE,School - PS 84 Steinway,6
DOE,School - PS 1 The Bergen,6
DOF,DOF,6
DOE,School - Conselyea Preparatory School,6
DOE,School - Brooklyn School for Music and Theatre,6
DOE,School - Acorn Community High School,6
NYCEM,NYCEM,6
DOE,School - PS 110 Florence Nightingale,6
DOE,School - PS 132 The Conselyea School,6
DOE,School - South Bronx Preparatory: A College Board School,6
DOE,School - PS 254 Dag Hammarskjold,6
DOE,School - PS 98 Shorac Kappock,6
DOE,School - IS 285 Meyer Levin,6
DOE,School - Theatre Arts Production Company School,6
DOE,School - PS 108 Sal Abbracciamento,6
DOE,School - PS 14 Fairview,6
DOE,School - PS 202 Ernest S Jenkyns,6
DOE,School - PS 69 Jackson Heights,6
DOE,School - High School for Leadership and Public Service,6
DOE,School - PS 53 Bay Terrace,6
DOE,School - PS 59 William Floyd,6
DOE,School - IS 98 Bay Academy,6
DOE,School - PS 73 Thomas S Boyland,6
DOE,School - IS 117 Joseph H Wade,6
DOE,School - PS 38 Roberto Clemente,6
DOE,School - PS 503 The School of Discovery,6
DOE,School - Space Shuttle Columbia School,6
DOE,School - The STAR Academy PS63,6
DOE,School - PS 230 Doris L Cohen,6
DOE,School - PS 18 John G Whittier,6
DOE,School - PS 161 Ponce De Leon,6
DOE,School - Bronx High School for Medical Science,6
DOE,School - PS 183 Dr Richard R Green,6
DOE,School - PS 84 Jose De Diego,6
OCHIA,OCHIA,6
DOE,School - PS 158 Warwick,6
DOE,School - Pace High School,6
DOE,School - PS 180 Hugo Newman,6
DOE,School - IS 145 Joseph Pulitzer,6
DOE,School - PS-IS 218 Rafael Hernandez Dual Language Magnet School,6
DOE,School - PS 8 Luis Belliard,6
DOE,School - MS 267 Math, Science and Technology,6
DOE,School - School for International Studies,6
DOE,School - PS 138 Brooklyn,6
DOE,School - PS 106 Parkchester,6
DOE,School - PS 214 Michael Friedsam,6
DOE,School - George Westinghouse Career and Technical Education High School,6
DOE,School - Jamaica High School,6
DOE,School - PS 251 Paerdegat,6
DOE,School - Maspeth High School,6
DOE,School - PS 99 Kew Gardens,6
DOE,School - PS 112 Lefferts Park,6
DOE,School - PS 48 Joseph R Drake,6
DOE,School - The Angelo Patri Middle School,6
DOE,School - PS 308 Clara Cardwell,6
DOE,School - PS 298 Dr Betty Shabazz,6
DOE,School - George Washington YABC,6
DOE,School - PS 40 George W Carver,6
DOE,School - PS 199 Jessie Isador Straus,6
DOE,School - PS 153 Adam Clayton Powell,6
DOE,School - PS 188 Michael E Berdy,6
DOE,School - PS 306,6
DOE,School - PS 93 William H Prescott,6
DOE,School - Sheepshead Bay High School,6
DOE,School - Benjamin Banneker Academy,6
DOE,School - PS 140 Nathan Straus,6
DOE,School - PS 94 The Henry Longfellow,6
IA,IA,6
DOE,School - Bronx Health Sciences High School,6
DOE,School - Essence School,6
DOE,School - Pioneer Academy,6
DOE,School - PS 21 Philip H Sheridan,5
DOE,School - PS 54 Hillside,5
DOE,School - PS 16 John J Driscoll,5
DOE,School - Academy of American Studies,5
DOE,School - PS 163 Arthur A Schomburg,5
ACS,ACS Commissioner - EC,5
DOE,School - PS 123 Suydam,5
DOE,School - PS 107 Thomas A Dooley,5
DOE,School - PS 167 The Parkway,5
DOE,School - Morris Academy for Collaborative Studies,5
DOE,School - PS 279 Herman Schreiber,5
DOE,School - JHS 194 William Carr,5
DOE,School - Rachel Carson High School for Coastal Studies,5
DOE,School - PS 328 Phyllis Wheatley,5
DOE,School - IS 27 Anning S Prall,5
DOE,School - PS 49 Willis Avenue,5
DOE,School - PS 246 Poe Center,5
DOE,School - Academy for Language and Technology,5
DOE,School - PS 221 Toussaint L'Ouverture,5
DOE,School - PS 196 Ten Eyck,5
DOE,School - PS 153 Homecrest,5
DOE,School - PS 101 The Verrazano,5
DOE,School - Academy for College Preparation and Career Exploration: A College Board School,5
DOE,School - James Weldon Johnson,5
DOE,School - JHS 259 William Mckinley,5
DOE,School - IS 171 Abraham Lincoln,5
DOE,School - Monroe Academy for Business-Law,5
DOE,School - PS-IS 155 Nicholas Herkimer,5
DOE,School - PS 162 John Golden,5
DOE,School - JHS 278 Marine Park,5
DOE,School - PS 205 Fiorello Laguardia,5
DOE,School - PS 204 Vince Lombardi,5
DOE,School - Park Slope Collegiate,5
DOE,School - PS 41 Greenwich Village,5
DOE,School - PS 128 Audubon,5
DOE,School - High School for Service and Learning at Erasmus,5
DOE,School - JHS 220 John J Pershing,5
DOE,School - Stuyvesant High School,5
DOE,School - NYC Lab School for Collaborative Studies,5
DOE,School - PS 150 Charles James Fox,5
DOE,School - PS 94 David D Porter,5
DOE,School - PS 100 Glen Morris,5
DOE,School - Urban Assembly Institute of Math and Science for Young Women,5
DOE,School - PS 18 John Peter Zenger,5
DOE,School - PS 43 Jonas Bronck,5
DOE,School - PS 40 Samuel Huntington,5
DOE,School - PS 102 Jacques Cartier,5
DOE,School - Martin Van Buren High School,5
DOE,School - PS 95 Eastwood,5
DOE,School - JHS 210 Elizabeth Blackwell,5
DOE,School - PS 55 Maure,5
DOE,School - PS 14 Senator John Calandra,5
DOE,School - PS 46 Arthur Tappan,5
DOE,School - PS-IS 217 Roosevelt Island,5
DOE,School - East-West School of International Studies,5
DOE,School - PS 26 Jesse Owens,5
DOE,School - IS 340,5
DOE,School - PS 369 Coy L Cox School,5
DOE,School - The New American Academy at Roberto Clemente State Park,5
DOE,School - ACE Academy for Scholars at the Geraldine Ferraro Campus,5
DOE,School - PS 130,5
DOE,School - PS 244 Richard R Green,5
DOE,School - PS 128 Bensonhurst,5
DOE,School - The Lexington Academy,5
DOE,School - Brooklyn Community High School of Communication, Arts and Media,5
DOE,School - PS 195 Manhattan Beach,5
DOE,School - PS 116 Elizabeth L Farrell,5
DOE,School - PS 30 Wilton,5
DOE,School - JHS 226 Virgil I Grissom,5
DOE,School - PS 12 James B Colgate,5
DOE,School - PS 274 Kosciusko,5
DOE,School - The Urban Assembly School of Music and Art,5
DOE,School - PS 34 Oliver H Perry,5
DOE,School - Columbia Secondary School,5
DOE,School - PS 47 John Randolph,5
DOE,School - Aviation Career and Technical Education High School,5
DOE,School - PS 33 Edward M Funk,5
DOE,School - High School for Medical Professions,5
DOE,School - PS 124 Silas B Dutcher,5
DOE,School - The Gordon Parks School,5
DOE,School - JHS 318 Eugenio Maria De Hostos,5
DOE,School - PS 65 The Raymond York Elementary School,5
DOE,School - PS 291,5
DOE,School - PS 129 Patricia Larkin,5
DOE,School - JHS 265 Susan S McKinney,5
DOE,School - IS 192 The Linden,5
DOE,School - PS MS 194,5
DOE,School - PS 7 Louis F Simeone,5
DOE,School - Pathways College Preparatory School: A College Board School,5
DOE,School - New School 1 at PS 60,5
DOE,School - PS 268 Emma Lazarus,5
OAE,OAE,5
DOE,School - PS 29 Bardwell,5
DOE,School - PS 195 William Haberle,5
DOE,School - Bronx Writing Academy,5
DOE,School - PS 23 Richmondtown,5
DOE,School - JHS 22 Jordan L Mott,5
DOE,School - PS 192 Jacob H Schiff,5
DOE,School - PS 206 Jose Celso Barbosa,5
DOE,School - PS 19 Marino Jeantet,5
DOE,School - Theodore Roosevelt Evening High School - Mondays and Wednesdays,5
DOE,School - PS 20 John Bowne,5
DOE,School - High School of Applied Communication,5
DOE,School - PS 48 P O Michael J Buczek,5
DOE,School - High School of Telecommunication Arts and Technology,5
DOE,School - PS 77,5
DOE,School - International High School at Prospect Heights,5
DOE,School - Landmark High School,5
DOE,School - PS 90 Edna Cohen School,5
DOE,School - PS 270 Johann Dekalb,5
VAC,VAC,4
SBS,SBS,4
DOE,School - PS 185 The Early Childhood Discovery and Design Magnet School,4
EMTF,EMTF,4
DOE,School - PS 15 Roberto Clemente,4
DOE,School - Mott Hall IV,4
DOE,School - Women's Academy of Excellence,4
DOE,School - PS 177,4
DOE,School - PS 138,4
OPA,OPA,4
DOE,School - PS - MS 11X498 - Van Nest Academy,4
DOE,School - MS 172 Irwin Altman,4
DOE,School - The Windsor Terrace School,4
DOE,School - Kappa,4
DOE,School - JHS 292 Margaret S Douglas,4
DOE,School - El Puente Academy for Peace and Justice,4
OPS,Correspondence Router for MOO,4
DOE,School - PS 77 Lower Lab School,4
DOE,School - PS 149 Christa Mcauliffe,4
DOE,School - PS 81 Jean Paul Richter,4
DOE,School - Childrens Workshop at PS 361,4
DOE,School - PS 97 The Highlawn,4
DOE,School - Williamsburg High School for Architecture and Design,4
DOE,School - Bronx School of Law and Finance,4
DOE,School - IS 219 New Venture School,4
DOE,School - PS 19 Roberto Clemente,4
DOE,School - KIPP STAR College Prep Charter School,4
DOE,School - Academy for Social Action: A College Board School,4
DOE,School - PS 169 Bay Terrace,4
DOE,School - PS 177 The Marlboro,4
DOE,School - JHS 131 Albert Einstein,4
DOE,School - PS 58 School of Heroes,4
DOE,School - PS 223 Lyndon B Johnson,4
DOE,School - Henry Street School for International Studies,4
DOE,School - PS K315,4
DOE,School - PS 98 The Douglaston School,4
DOE,School - PS 67 Mohegan School,4
DOE,School - Brooklyn Dreams Charter School,4
DOE,School - PS 121 Nelson A Rockefeller,4
DOE,School - Automotive High School,4
DOE,School - PS-MS 29 Melrose School,4
DOE,School - MS 326 - Writers Today and Leaders Tomorrow,4
DOE,School - Health Professions and Human Services,4
DOE,School - School for Global Leaders,4
DOE,School - PS 316 Elijah Stroud,4
DOE,School - PS 203 The School for Future Leaders,4
DOE,School - PS 194 Raoul Wallenberg,4
DOE,School - IS 229 Roland Patterson,4
DOE,School - PS 107 John W Kimball,4
DOE,School - PS 48 Mapleton,4
DOE,School - PS 64 Joseph P Addabbo,4
DOE,School - Bedford Stuyvesant New Beginnings Charter School,4
DOE,School - PS 299 Thomas Warren Field,4
DOE,School - JHS 227 Edward B Shallow,4
DOE,School - PS 108 Assemblyman Angelo Del Toro Educational Complex,4
DOE,School - PS 276 Louis Marshall,4
DOE,School - PS 13 M L Lindemeyer,4
DOE,School - PS 146,4
DOE,School - Newtown High School,4
DOE,School - PS 115 Daniel Mucatel School,4
DOE,School - Monroe Academy for Visual Arts and Design,4
DOE,School - JHS 125 Henry Hudson,4
DOE,School - PS 112 Jose Celso Barbosa,4
DOE,School - Chelsea Career and Technical Education High School,4
DOE,School - Manhattan School for Career Development,4
DOE,School - Bushwick Ascend Charter School,4
DOE,School - PS 119 Amersfort,4
DOE,School - PS 50 Clara Barton,4
DOE,School - PS 290 Manhattan New School,4
DOE,School - Academy for Scholarship and Entrepreneurship,4
DOE,School - Washington Heights Academy,4
DOE,School - IS M286 Renaissance Leadership Academy,4
DOE,School - Frederick Douglass Academy IV Secondary School,4
DOE,School - JHS 52 Inwood,4
DOE,School - IS 204 Oliver W Holmes,4
DOE,School - Bronx Regional High School,4
DOE,School - East Harlem Scholars Academy Charter School,4
DOE,School - PS 272 Curtis Estabrook,4
DOE,School - The Urban Assembly School for Green Careers,4
DOE,School - PS 97 Forest Park,4
DOE,School - PS 58,4
DOE,School - PS 207,4
DOE,School - PS 164 Queens Valley,4
DOE,School - PS 173 Fresh Meadows,4
DOE,School - IS 77,4
DOE,School - Gramercy Arts High School,4
DOE,School - PS 56 Norwood Heights,4
DOE,School - Bronx Early College Academy for Teaching and Learning,4
DOE,School - PS-IS 224,4
DOE,School - PS 192 - The Magnet School for Math and Science Inquiry,4
DOE,School - PS 51 Bronx New School,4
DOE,School - Gregorio Luperon High School for Science and Mathematics,4
DOE,School - Cynthia Jenkins School,4
DOE,School - PS-MS 200 - The Pomonok School and Star Academy,4
DOE,School - Pelham Preparatory Academy,4
DOE,School - The Urban Assembly School for Law and Justice,4
DOE,School - PS 371 - Lillian L Rashkis,4
DOE,School - WEB Dubois Academic High School,4
DOE,School - PS 66 School of Higher Expectations,4
DOE,School - Peninsula Preparatory Academy Charter School,4
DOE,School - MS K266 - Park Place Community Middle School,4
DOE,School - IS 281 Joseph B Cavallaro,4
DOE,School - PS 193 Gil Hodges,4
DOE,School - PS 24,4
DOE,School - Bushwick School for Social Justice,4
DOE,School - PS 99 Isaac Asimov,4
DOE,School - Urban Assembly School of Design and Construction,4
DOE,School - Staten Island Technical High School,4
DOE,School - Bedford Academy High School,4
DOE,School - PS 95 Sheila Mencher,4
CWI,CWI,4
DOE,School - Freedom Academy High School,4
DOE,School - MS 246 Walt Whitman,4
DOE,School - John Ericsson Middle School 126,4
DOE,School - Satellite Three,4
DOE,School - PS 8 Shirlee Solomon,4
DOE,School - PS 152 Gwendoline N Alleyne School,4
DOE,School - PS 48 PO Michael J Buczek,4
DOE,School - PS 195,4
DOE,School - Mott Hall High School,4
DOE,School - Sheridan Academy for Young Leaders,4
DOE,School - PS-IS 178 Holliswood,4
DOE,School - PS 89 Elmhurst,4
DOE,School - PS 748 Brooklyn School for Global Scholars,4
DOE,School - PS 59 Beekman Hill International,4
DOE,School - PS 176 Ovington,4
DOE,School - Creston Academy,4
DOE,School - Goldie Maple Academy,3
DOE,School - Independence High School,3
DOE,School - Ralph R McKee Career and Technical Education High School,3
DOE,School - Archimedes Academy for Math, Science, and Technology Applications,3
WF1,WF1,3
DOE,School - Transit Technology Career and Technical Education High School,3
DOE,School - PS 6 West Farms,3
DOE,School - PS 53 Basheer Quisim,3
DOE,School - PS 53,3
DOE,School - PS 26 Rufus King,3
DOE,School - PS 2 Alfred Zimberg,3
DOE,School - PS 174 William Sidney Mount,3
DOE,School - PS 137 John L Bernstein,3
DOE,School - Mott Hall II,3
DOE,School - Manhattan Comprehensive Night and Day High School,3
DOE,School - Leadership Prep Bedford Stuyvesant Charter School,3
DOE,School - John F Kennedy Jr School,3
DOE,School - PS 327 Dr Rose B English,3
DOE,School - PS 18 Winchester,3
DOE,School - PS 135 Sheldon A Brookner,3
DOE,School - PS 134 George F Bristow,3
DOE,School - Riverdale Kingsbridge Academy,3
DOE,School - Magnet School for Science and Technology,3
DOE,School - MS 302 Luisa Dessus Cruz,3
DOE,School - Williamsburg Preparatory School,3
DOE,School - PS 82 Hammond,3
DOE,School - PS 811 - Bronx,3
DOE,School - PS-IS 54,3
DOE,School - PS Q222 Fire Fighter Christopher A Santora School,3
DOE,School - PS 74 Future Leaders Elementary School,3
DOE,School - PS 5 Huguenot,3
DOE,School - PS 243K The Weeksville School,3
DOE,School - PS 187 Hudson Cliffs,3
DOE,School - PS 103 Hector Fontanez,3
DOE,School - New Utrecht Evening High School - Mondays and Wednesdays,3
DOE,School - PS 46 Alley Pond,3
DOE,School - John Dewey High School,3
DOE,School - East New York Elementary School of Excellence,3
DOE,School - PS 332 Charles H Houston,3
DOE,School - Canarsie Ascend Charter School,3
DOE,School - Brooklyn Collegiate: A College Board School,3
DOE,School - Quest to Learn,3
DOE,School - MS 101 Edward R Byrne,3
DOE,School - Lower Manhattan Arts Academy,3
DOE,School - IS 059 Springfield Gardens,3
DOE,School - Middle School for Art and Philosophy,3
DOE,School - Young Scholars' Academy for Discovery and Exploration,3
DOE,School - Roads Charter School I,3
DOE,School - PS 6 Corporal Allan F Kivlehan School,3
DOE,School - PS 52 Queens,3
DOE,School - PS 40 Augustus Saint-Gaudens,3
DOE,School - Bronx School for Law, Government, and Justice,3
DOE,School - Access GED - East at South Shore High School,3
DOE,School - The Academy of Talented Scholars,3
DESIGNCOM,DesignCom,3
DOE,School - PS 226 - Manhattan,3
DOE,School - New World Preparatory Charter School,3
DOE,School - JHS 185 Edward Bleeker,3
DOE,School - JHS 162 Lola Rodriguez De Tio,3
DOE,School - JHS 157 Stephen A Halsey,3
DOE,School - Talent Unlimited High School,3
DOE,School - PS 92 Bronx,3
DOE,School - The Urban Assembly School for Applied Math and Science,3
DOE,School - PS 145 The Bloomingdale School,3
DOE,School - PS 220 Edward Mandel,3
DOE,School - PS 199 Frederick Wachtel,3
DOE,School - PS 197 The Ocean School,3
DOE,School - PS 310 Marble Hill,3
DOE,School - Robert E Peary School,3
DOE,School - MS 126 John Ericsson,3
DCP,DCP,3
DOE,School - PS 376,3
DOE,School - PS 51,3
DOE,School - PS 59 The Community School of Technology,3
DOE,School - PS-IS 72 Annette P Goldman,3
DOE,School - PS 251 Queens,3
DOE,School - MS X101 Edward R Byrne,3
DOE,School - PS - IS 266,3
DOE,School - PS 115 Alexander Humboldt,3
NYCSERVICE,NYCService,3
DOE,School - JHS 72 Catherine and Count Basie,3
DOE,School - PS 255,3
DOE,School - Townsend Harris High School,3
DOE,School - PS 107,3
DOE,School - PS 120 Carlos Tapia,3
DOE,School - PS 120 Queens,3
DOE,School - PS 132 Ralph Bunche,3
DV,DV,3
DOE,School - The Urban Assembly Institute for New Technologies,3
DOE,School - PS 48 William Wordsworth,3
DOE,School - PS 6 Lillie D Blake,3
DOE,School - JHS 142 John Philip Sousa,3
DOE,School - The Young Scholars Academy of the Bronx,3
DOE,School - PS 295,3
DOE,School - IS 227 Louis Armstrong,3
DOE,School - PS 213 The Carl Ullman School,3
DOE,School - W H Maxwell Career and Technical Education High School,3
DOE,School - PS 156 Waverly,3
DOE,School - New Hope Academy Charter School,3
DOE,School - New Heights Academy Charter School,3
DOE,School - MS 582,3
DOE,School - PS 102 Bayview,3
NYCERS,NYCERS,3
DOE,School - Riverdale Avenue Community School,3
DOE,School - Performance Conservatory High School,3
DOE,School - All City Leadership Secondary School,3
DOE,School - High School for Mathematics, Science and Engineering at City College,3
DOE,School - PS 63 The Star Academy,3
DOE,School - PS 305 Dr Peter Ray,3
DOE,School - PS 29 Queens,3
DOE,School - PS 25 Bilingual School,3
DOE,School - PS-IS 104 The Fort Hamilton School,3
DOE,School - PS 125 Ralph Bunche,3
DOE,School - Manhattan Center for Science and Mathematics,3
DOE,School - Catherine and Count Basie Middle School 72,3
DOE,School - IS 61 Leonardo Da Vinci,3
DOE,School - Mathematics, Science Research, and Technology Magnet High School,3
DOE,School - Brooklyn Excelsior Charter,3
DHS,DHS,3
DOE,School - Bayard Rustin Educational Complex,3
DOE,School - William E Grady Career and Technical Education High School,3
DOE,School - East Bronx Academy for the Future,3
DOE,School - JHS 167 Robert F Wagner,3
DOE,School - Community Action School - MS 258,3
DOE,School - School for Democracy and Leadership,3
DOE,School - PS 208 Alain L Locke,3
DOE,School - MS 301 Paul L Dunbar,3
DOE,School - PS 85 Judge Charles Vallone,3
DOE,School - JHS 67 Louis Pasteur,3
DOE,School - Edward A Reynolds West Side High School,3
DOE,School - PS 721 Brooklyn Occupational Training Center,3
DOE,School - East Brooklyn Community High School,3
DOE,School - Business of Sports School,3
DOE,School - PS 55 Benjamin Franklin,3
DOE,School - Urban Assembly School for Careers in Sports,3
DOE,School - Stevenson YABC,3
DOE,School - PS X012 Lewis and Clark School,3
DOE,School - PS 9 Ryer Avenue Elementary School,3
DOE,School - PS 26 The Carteret School,3
DOE,School - PS 234,3
DOE,School - PS 21 Edward Hart,3
DOE,School - PS 165 Ida Posner,3
DOE,School - Louis D Brandeis High School,3
DOE,School - Legacy School for Integrated Studies,3
DOE,School - PS 209,3
DOE,School - Green School: An Academy for Environmental Careers,3
DOE,School - PS 182 Samantha Smith,3
DOE,School - It Takes a Village Academy,3
DOE,School - IS 228 David A Boody,3
DOE,School - Bronx Theatre High School,3
DOE,School - Fairmont Neighborhood School,3
DOE,School - Beach Channel High School,3
DOE,School - Collaborative Arts Middle School,3
DOE,School - Success Academy Charter School Harlem 1,3
DOE,School - Spring Creek Community School,3
DOE,School - Bronx Dance Academy School,3
DOE,School - PS 35 The Clove Valley School,3
DOE,School - PS 31 Bayside,3
DOE,School - PS-IS 323,3
DOE,School - PS 69 Daniel D Tompkins,3
DOE,School - PS X188,3
DOE,School - PS 71 Forest,3
DOE,School - PS 58 The Carroll,3
DOE,School - PS 72 Dr William Dorney,3
DOE,School - PS 42 Claremont,3
DOE,School - PS 146 Ann M Short,3
DOE,School - PS 11 Purvis J Behan,3
DOE,School - New York City Montessori Charter School,3
DOE,School - PS 319,3
DOE,School - PS 28 Mount Hope,3
DOE,School - Foundations Academy,3
DOE,School - PS 173,3
DOE,School - PS 253 - Brooklyn,3
DOE,School - PS 243 The Weeksville School,3
DOE,School - PS 110 Theodore Schoenfeld,3
DOE,School - NYC Museum School,3
DOE,School - Bronx Career and College Preparatory High School,3
DOE,School - PS 112 Dutch Kills,3
DOE,School - The Richard H Hungerford School,3
DOE,School - Sunset Park High School,3
DOE,School - PS 36 Unionport,3
DOE,School - PS 208 Elsa Ebeling,3
DOE,School - PS 188,3
DOE,School - PS 136 Roy Wilkins,3
DOE,School - PS 12 Lewis and Clark School,3
DOE,School - York Early College Academy,3
DOE,School - School for Legal Studies,3
DOE,School - PS-MS 31 The William Lloyd Garrison,3
DOE,School - PS 65 - The Little Red School House,3
DOE,School - PS 241 Emma L Johnston,3
DOE,School - PS 24 Andrew Jackson,3
DOE,School - PS 141,3
DOE,School - PS 100 Isaac Clason,3
DOE,School - New Explorations into Science, Technology and Math High School,3
DOE,School - Global Enterprise High School,2
DOE,School - PS 119,2
DOE,School - JHS 57 Whitelaw Reid,2
DOE,School - Kappa IV,2
DOE,School - New Day Academy,2
DOE,School - PS 753 School for Career Development,2
DOE,School - PS 146 Howard Beach,2
DOE,School - PS 34 Franklin D Roosevelt,2
DOE,School - PS 52 John C Thompson,2
DOE,School - MS 260 Clinton School Writers and Artists,2
DOE,School - Future Leaders Institute Charter School,2
DOE,School - PS 184 Shuang Wen,2
DOE,School - PS 38 George Cromwell,2
DOE,School - Queens Preparatory Academy,2
DOE,School - Samuel Gompers Career and Technical Education High School,2
DOE,School - West Brooklyn Community High School,2
DOE,School - PS 15 Jackie Robinson,2
3-1-1,311 Case Management,2
DSNY,CFC - Queens East,2
DOE,School - Bronx Lab School,2
DOE,School - PS 150 Christopher,2
DOE,School - Aspirations Diploma Plus High School,2
DOE,School - Mott Hall Bronx High School,2
DOE,School - Frederick Douglass Academy VI High School,2
DOE,School - Grant Avenue Elementary School,2
DOE,School - Harlem Success Academy I Charter School,2
DOE,School - The Christa McAuliffe School-IS 187,2
DOE,School - The Michael J Petrides School,2
DOE,School - The Urban Assembly School for Global Commerce,2
DOE,School - IS 093 Ridgewood,2
DOE,School - PS 106,2
DOE,School - PS 110 The Monitor,2
DOE,School - PS 212,2
DOE,School - JHS 118 William W Niles,2
DOE,School - Comprehensive Model School Project MS 327,2
DOE,School - IS 5 - The Walter Crowley Intermediate School,2
DOE,School - PS 81 Thaddeus Stevens,2
DOE,School - PS 86 Kingsbridge Heights,2
DOE,School - Preparatory Academy for Writers: A College Board School,2
DOE,School - Walton YABC,2
DOE,School - PS 66 Jacqueline Kennedy Onassis,2
DOE,School - High School for Construction Trades, Engineering and Architecture,2
LOFT,LOFT,2
DOE,School - PS 56 Harry Eichler,2
DOE,School - Ebbets Field Middle School,2
DOE,School - Neighborhood School,2
DOE,School - Brooklyn Brownstone School,2
DOE,School - PS 109 Sedgwick,2
DOE,School - Brooklyn Academy of Science and the Environment,2
DOE,School - CSI High School for International Studies,2
DOE,School - Elementary School for Math, Science, and Technology,2
DOE,School - PS 20 Anna Silver,2
DOE,School - International Leadership Charter School,2
DOE,School - JHS 145 Arturo Toscaninni,2
DOE,School - PS 10,2
DOE,School - PS 340,2
DOE,School - JHS 104 Simon Baruch,2
DOE,School - PS 56 Lewis H Latimer,2
DOE,School - PS-MS 280 Mosholu Parkway,2
DOE,School - School of Math, Science, and Healthy Living,2
DOE,School - PS 396 - Bronx,2
DOE,School - South Shore High School,2
DOE,School - Urban Institute of Mathematics,2
DOE,School - PS 361 East Flatbush Early Childhood School,2
DOE,School - PS 42 Benjamin Altman,2
DOE,School - Beacon High School,2
DOE,School - Bronx Aerospace High School,2
DOE,School - PS 61 Francisco Oller,2
DOE,School - Bronx Lighthouse Charter School,2
DOE,School - Erasmus YABC,2
DOE,School - IS 250 The Robert F Kennedy Community Middle School,2
DOE,School - IS 347 School of Humanities,2
DOE,School - NYC Charter High School for Architecture, Engineering, and Construction Industries,2
DOE,School - Frank Sinatra School of the Arts High School,2
DOE,School - Broome Street Academy Charter School,2
DOE,School - Harlem Children's Zone Promise Academy Charter School,2
DOE,School - MS 2,2
DOE,School - JHS 13 Jackie Robinson,2
DOE,School - PS 188 The Island School,2
DOE,School - MS 328 - Manhattan Middle School for Scientific Inquiry,2
DOE,School - PS 236 Langston Hughes,2
DOE,School - PS 62 Inocensio Casanova,2
DOE,School - PS 16 Wakefield,2
DOE,School - The Heritage School,2
DOE,School - Teachers Preparatory High School,2
DOE,School - University Neighborhood High School,2
DOE,School - The Cultural Arts Academy at Spring Creek Charter School,2
DOE,School - PS 191 Paul Robeson,2
DOE,School - Progress High School for Professional Careers,2
DOE,School - PS 88 S Silverstein Little Sparrow School,2
DOE,School - PS 1 Courtlandt School,2
DOE,School - South Bronx Charter School for International Cultures and the Arts,2
DOE,School - Lower East Side School at PS 315,2
DOE,School - The Brooklyn Latin School,2
DOE,School - PS 277 Gerritsen Beach,2
DOE,School - PS 3 Raul Julia Micro Society,2
DOE,School - Eagle Academy for Young Men,2
DOE,School - East Side Middle School,2
DOE,School - JHS 113 Ronald Edmonds Learning Center,2
DOE,School - PS 222 - Fire Fighter Christopher A Santora School,2
DOE,School - PS 38 Rosedale,2
DOE,School - Sisulu-Walker Charter School of Harlem,2
DOE,School - PS 113 Isaac Chauncey,2
DOE,School - PS 101 School in the Gardens,2
DOE,School - The Children's Workshop School,2
DOE,School - Mott Haven Village Preparatory High School,2
DOE,School - PS 9 Sarah Anderson,2
DOE,School - Middle School of Marketing and Legal Studies,2
DOE,School - Mark Twain IS 239 for the Gifted and Talented,2
DOE,School - Archimedes Academy for Math, Science and Technology Applications,2
DOE,School - PS X015 Institute for Environmental Learning,2
DOE,School - Central Park East II,2
DOE,School - Queens Metropolitan High School,2
DOE,School - River East Elementary,2
DOE,School - IS 318 Math, Science, and Technology Through Arts,2
DOE,School - Kurt Hahn Expeditionary Learning School,2
DOE,School - Leadership and Public Service High School,2
DOE,School - Grover Cleveland High School,2
DOE,School - Brooklyn Institute for Liberal Arts,2
DOE,School - Learning to Work YABC at Monroe Academy,2
DOE,School - Bronx Preparatory Charter School,2
DOE,School - Scholars Academy,2
DOE,School - Bronx High School for the Visual Arts,2
DOE,School - Harbor Science and Arts Charter School,2
DOE,DOE,2
DOE,School - PS 19 The Curtis School,2
DOE,School - High School for Law and Public Service,2
DOE,School - Democracy Preparatory Charter School 2,2
DOE,School - Elijah Stroud Middle School,2
DOE,School - IS 528 Bea Fuller Rodgers School,2
DOE,School - Jean Nuzzi Intermediate School,2
DOE,School - MS 224 Manhattan East School for Arts and Academics,2
DOE,School - MS 250 West Side Collaborative Middle School,2
DOE,School - Metropolitan Expeditionary Learning School,2
DOE,School - Jonathan Levin High School for Media and Communications,2
DOE,School - New Dorp Evening High School - Mondays and Wednesdays,2
DOE,School - New Heights Middle School,2
DOE,School - PS 811 Connie Lekas School,2
DOE,School - PS 90 George Meany,2
DOE,School - Science, Technology, and Research Early College High School at Erasmus,2
DOE,School - PS 245,2
DOE,School - Information Technology High School,2
DOE,School - PS 86 The Irvington,2
EDC,EDC,2
DOE,School - The Brooklyn Academy of Global Finance,2
DOE,School - South Richmond High School IS-PS 25,2
DOE,School - PS 183 Robert L Stevenson,2
DOE,School - Bronx Charter School for Children,2
DOE,School - JHS 143 Eleanor Roosevelt,2
DOE,School - The Business of Sports School,2
DOE,School - World Journalism Preparatory: A College Board School,2
DOE,School - MS 129 Academy for Independent Learning and Leadership,2
DOE,School - Achievement First Brownsville Charter School,2
DOE,School - IS 131 Dr Sun Yat Sen,2
DOE,School - PS 126 Jacob August Riis,2
DOE,School - MS K394,2
DOE,School - PS 23 Carter G Woodson,2
DOE,School - PS 35 Franz Siegel,2
DOE,School - The Seeall Academy,2
DOE,School - PS 75,2
DOE,School - Explore Charter School,2
DOE,School - Irwin Altman Middle School 172,2
DOE,School - Institute for Collaborative Education,2
DOE,School - IS 75 Frank D Paulo,2
DOE,School - PS 159 Luis Munoz Marin Biling,2
DOE,School - Bronx High School for Writing and Communication Arts,2
DOE,School - North Queens Community High School,2
DOE,School - The Science and Medicine Middle School,2
DOE,School - East Side Community School,2
DOE,School - Cambria Heights Academy,2
DOE,School - Robert F Wagner Jr Secondary School for Arts and Technology,2
DOE,School - PS 115 Glen Oaks,2
DOE,School - PS 249 The Caton,2
DOE,School - PS 321 William Penn,2
DOE,School - MS 203,2
3-1-1,311 Administrative Supervisor,2
DOE,School - PS 238 Anne Sullivan,2
DOE,School - PS 290 Juan Morel Campos,2
DOE,School - The Global Learning Collaborative,2
DOE,School - PS 39 Henry Bristow,2
DOE,School - PS 307 Daniel Hale Williams,2
DOE,School - PS 36 Saint Albans School,2
DOE,School - Urban Assembly School for the Performing Arts,2
DOE,School - Tito Puente Education Complex,2
DOE,School - Marta Valle Secondary School,2
DOE,School - Castle Bridge School,2
DOE,School - The Brooklyn School of Inquiry,2
DOE,School - Kipp Infinity Charter School,2
DOE,School - PS 65 Mother Hale Academy,2
DOE,School - Ronald Edmonds Learning Center II,2
DOE,School - JHS 45 John S Roberts,2
DOE,School - PS 40 Augustus Saint Gaudens,2
DOE,School - Queens Vocational and Technical High School,2
DOE,School - MS 53 Brian Piccolo,2
DOE,School - PS 79 - Horan School,2
DOE,School - PS M811 Mickey Mantle School,2
DOE,School - Esperanza Preparatory Academy,2
DOE,School - PS 76 William Hallet,2
DOE,School - PS M169 Robert F Kennedy,2
DOE,School - Performance School,2
DOE,School - Thomas C Giordano Middle School 45,2
DOE,School - Schuylerville Preparatory High School,2
DOE,School - PS 19 Judith K Weiss,2
DOE,School - Frederick Douglass Academy II Secondary School,2
DOE,School - Young Leaders Elementary School,2
DOE,School - The Celia Cruz Bronx High School of Music,2
DOE,School - The Queens School of Inquiry,2
DOE,School - General D Chappie James Elementary School of Science,2
DOE,School - PS 242 Leonard P Stavisky Early Childhood School,2
DOE,School - Wings Academy,2
DOE,School - PS 22 Thomas Jefferson,2
DOE,School - PS 46 Albert V Maniscalco,2
DOE,School - PS 330,2
DOE,School - 51 Avenue Academy - The Path To Academic Excellence,2
DOE,School - Concourse Village Elementary School,2
DOE,School - Eagle Academy for Young Men II,2
DOE,School - PS 37 - Multiple Intelligence School,2
DOE,School - In-Tech Academy MS-HS 368,2
DOE,School - PS 971,2
DOE,School - Health Opportunities High School,2
DOE,School - Marsh Avenue School for Expeditionary Learning,2
DOE,School - PS 41 Francis White,2
DOE,School - PS 32 Belmont,2
DOE,School - Kappa II,2
DOE,School - Success Academy Charter School Upper West,2
DOE,School - Knowledge and Power Preparatory Academy International High School (Kappa),2
DOE,School - Queens High School for the Sciences at York College,2
DOE,School - IS 254,2
DOE,School - Satellite West Middle School,2
DOE,School - Suspension Center School - Sankofa Academy Middle School,2
DOE,School - Washington Heights Expeditionary Learning School,2
DSNY,CFC - Bronx,2
DOE,School - The School for Inquiry and Social Justice,2
DOE,School - PS 204 Morris Heights,2
DOE,School - Bronx High School of Science,2
DOE,School - PS X176,2
DOE,School - PS 65 The Academy of Innovative Learning,2
DOE,School - JHS 166 George Gershwin,2
DOE,School - High School for Youth and Community Development at Erasmus,2
FDNY,Bureau of Fire Prevention - Gas Station Discharge Unit - Inspections,2
DOE,School - Thurgood Marshall Academy Lower School,2
DOE,School - International School for Liberal Arts,2
DOE,School - MS 390,2
DOE,School - PS 108 Captain Vincent G Fowler,2
DOE,School - PS 150 Tribeca Learning Center,2
DOE,School - PS K721 Brooklyn Occupational Training Center,2
DOE,School - Essex Street Academy,2
DOE,School - Mott Hall V,2
DOE,School - The East Village Community School,2
DOE,School - PS 184 Flushing Manor,2
DOE,School - The Fresh Creek School,2
DOE,School - JHS 189 Daniel Carter Beard,2
DOE,School - JHS 158 Marie Curie,2
DOE,School - Girls Preparatory Charter School of New York,1
DSNY,CFC - Brooklyn South,1
DOE,School - Vista Academy,1
DOE,School - Thomas A Edison Career and Technical Education High School,1
DOE,School - School of Diplomacy,1
DOE,School - PS-MS138 Sunrise,1
DOE,School - PS 6,1
DOE,School - PS 5 Port Morris,1
DOE,School - PS 7 Kingsbridge,1
DOE,School - PS 212 Midtown West,1
DOE,School - PS K369 Coy L Cox School,1
DOE,School - New Voices School of Academic and Creative Arts,1
DOB,DOB,1
DOE,School - Metropolitan Lighthouse Charter School,1
DOE,School - Lower Manhattan Community Middle School,1
DOE,School - Academy for Software Engineering,1
DOE,School - Academy of Hospitality and Tourism,1
DOE,School - Harriet Tubman Charter School,1
DOE,School - Believe Northside Charter High School,1
DOE,School - Bronx Green Middle School,1
DOE,School - Beginning With Children Charter School,1
DOE,School - Collaborative Academy of Science, Technology, and Law,1
DOE,School - The Renaissance Charter School,1
DOE,School - Staten Island School of Civic Leadership,1
DOE,School - Harlem Prep Charter School,1
DOE,School - Leadership Preparatory Ocean Hill Charter School,1
DOE,School - IS 232,1
DOE,School - In-Tech Academy (MS - High School 368),1
DOE,School - PS 124 Yung Wing,1
DOE,School - JHS 98 Herman Ridder,1
DOE,School - J M Rapport School Career Development,1
DOE,School - Kipp Academy Charter School,1
DOE,School - Kappa III,1
DOE,School - MS 223 The Laboratory School of Finance and Technology,1
DOE,School - Banana Kelly High School,1
DOE,School - PS 126 Jacob Riis Community School,1
DOE,School - PS 184 Newport,1
DOE,School - PS 370,1
DOE,School - IS 49 Berta A Dreyfus,1
DOE,School - PS 66,1
DOE,School - PS 86,1
DOE,School - PS 199X The Shakespeare School,1
DOE,School - PS M721 Manhattan Occupational Training Center,1
DOE,School - PS 154 Harriet Tubman,1
DOE,School - Robert H Goddard High School of Communication Arts and Technology,1
DOE,School - Secondary School for Law,1
DOE,School - IS 349 Math, Science, and Technology,1
DOE,School - High School for Teaching and the Professions,1
DOE,School - Urban Assembly New York Harbor School,1
DOE,School - Brooklyn Excelsior Charter School,1
DOE,School - Achievement First Apollo Charter School,1
DOE,School - Archer Elementary School,1
DOE,School - Central Park East I,1
DOE,School - The Urban Assembly Unison School,1
DOE,School - The Hunts Point School,1
DOE,School - The Active Learning Elementary School,1
DOE,School - Success Academy Charter School Manhattan 1,1
DOE,School - Riverdale - Kingsbridge Academy (Middle School-High School 141),1
DOE,School - Renaissance Charter School,1
DOE,School - PS R037,1
DOE,School - PS K753 School for Career Development,1
DOE,School - Cypress Hills Collegiate Preparatory School,1
DOE,School - PS 134,1
DOE,School - PS 132 Garret A Morgan,1
DOE,School - Hunters Point Community Middle School,1
DOE,School - High School for Excellence and Innovation,1
DOE,School - IS 30 Mary White Ovington,1
DOE,School - Foreign Language Academy of Global Studies,1
DOE,School - Eleanor Roosevelt High School,1
DOE,School - IS 96 Seth Low,1
DOE,School - Brooklyn College Academy,1
DOE,School - Adult and Continuing Education,1
DOE,School - Isaac Newton Middle School for Math and Science,1
DOE,School - The Opportunity Charter School,1
DOE,School - Secondary School for Journalism,1
DOE,School - PS Q177,1
DOE,School - PS 89 Cypress Hills,1
DOE,School - Middle School for the Arts,1
DOE,School - PS 307 Eames Place,1
DOE,School - Harlem Children's Zone Promise Academy II Charter School,1
DOE,School - PS 163 Flushing Heights,1
DOE,School - PS 104 The Bays Water,1
DOE,School - PS 186 Castlewood,1
DOE,School - Multicultural High School,1
DOE,School - PS 224,1
DOE,School - PS 280,1
DOE,School - PS 325,1
DOE,School - Fort Greene Preparatory Academy,1
DOE,School - Celia Cruz Bronx High School of Music,1
DOE,School - Brooklyn Secondary School for Collaborative Studies,1
DOE,School - PS 79 Creston,1
DOE,School - School for Community Research and Learning,1
DOE,School - Professional Performing Arts High School,1
DOE,School - Elm Tree Elementary School,1
DOE,School - PS X114 Luis Llorens Torres Schools,1
DOE,School - Community School for Social Justice,1
DOE,School - Pelham Academy of Academics and Community Engagement,1
DOE,School - School of Business, Finance, and Entrepreneurship,1
DOE,School - PS 186 Walter J Damrosch School,1
DOE,School - PS 181 Brookfield,1
DOE,School - Academy for Young Writers A,1
DOE,School - JHS 383 Philippa Schuyler,1
DOE,School - Our World Neighborhood Charter School,1
DOE,School - Harlem Hebrew Language Charter School,1
DOE,School - Entrada Academy,1
DOE,School - Brownsville Academy High School,1
DOE,School - Bronx Engineering and Technology Academy,1
DOE,School - Baychester Middle School,1
DOE,School - PS 190 Sheffield,1
OMB,OMB,1
DOE,School - Van Siclen Community Middle School,1
DOE,School - Upper School at PS 25,1
DOE,School - The Metropolitan High School,1
DOE,School - The Anderson School,1
DOE,School - PS 34 John Harvard,1
DOE,School - Mott Haven Academy Charter School,1
DOE,School - MS 399,1
DOE,School - High School for Arts, Imagination and Inquiry,1
DOE,School - Global Neighborhood Secondary School,1
DOE,School - Bedford Stuyvesant Preparatory High School,1
DOE,School - Agnes Y Humphrey School for Leadership,1
DOE,School - Urban Scholars Community School,1
DOE,School - Urban Assembly School for Wildlife Conservation,1
DOE,School - Success Academy Charter School Harlem 5,1
DOE,School - Staten Island Community Charter School,1
DOE,School - PS M226,1
DOE,School - PS 94,1
DOE,School - PS 81Q Jean Paul Richter,1
DOE,School - Millennium High School,1
DOE,School - Manhattan Business Academy,1
DOE,School - Far Rockaway High School,1
DOE,School - Fannie Lou Hamer Freedom High School,1
DOE,School - Eximius College Preparatory Academy: A College Board School,1
DOE,School - Baychester Academy,1
DOE,Department of Education - Parent Support,1
DOE,School - Young Women's Leadership School - Astoria,1
DOE,School - Success Academy Charter School Harlem 4,1
DOE,School - Pablo Neruda Academy for Architecture and World Studies,1
DOE,School - PS-MS 4 Crotona Park West,1
DOE,School - PS 811 - Queens,1
DOE,School - PS 41 Crocheron,1
DOE,School - PS 14 Cornelius Vanderbilt,1
DOE,School - Liberation Diploma Plus,1
DOE,School - Leon M Goldstein High School for the Sciences,1
DOE,School - Kingsbridge International High School,1
DOE,School - Harlem Renaissance High School,1
DOE,School - Globe School for Environmental Research,1
DOE,School - Community Voices Middle School,1
DOE,School - Brooklyn Ascend Charter School,1
DOE,School - Bronx Studio School for Writers and Artists,1
DOE,School - Brighter Choice Community School,1
DOE,School - ALC MS 258,1
DOE,School - Young Women's Leadership School - Queens,1
DOE,School - Queens Academy High School,1
DOE,School - PS 198,1
DOE,School - PS 18 Edward Bush,1
DOE,School - Origins High School,1
DOE,School - MS 131,1
DOE,School - Life Academy High School for Film and Music,1
DOE,School - IS 318 Eugenio Maria De Hostos,1
DOE,School - Emolior Academy,1
DOE,School - ALC Grady High School,1
ACS,Early Care and Education Information Unit,1
TFA,TFA,1
NYPD,New York Police Precinct,1
HPD,HPD,1
DOE,School - Ross Global Academy Charter School,1
DOE,School - Repertory Company High School for Theatre Arts,1
DOE,School - PS 721 - Manhattan Occupational Training Center,1
DOE,School - PS 62 Chester Park,1
DOE,School - PS 17,1
DOE,School - Mott Hall Elementary School,1
DOE,School - Manhattan Charter School II,1
DOE,School - James Madison High School,1
DOE,School - International High School at Laguardia Community College,1
DOE,School - Bronx International High School,1
DOE,School - The Academy for Excellence through the Arts,1
DOE,School - Secondary School for Research,1
DOE,School - PS X010,1
DOE,School - PS K134,1
DOE,School - PS 225 Seaside,1
DOE,School - PS 219 Paul Klapper,1
DOE,School - Kipp STAR College Preparatory,1
DOE,School - Kings Collegiate Charter School,1
DOE,School - JHS 14 Shell Bank,1
DOE,School - High School of Arts and Technology,1
DOE,School - High School for Arts and Business,1
DOE,School - Franklin K Lane Campus YABC,1
DOE,School - Excellence Boys Charter School,1
DOE,School - Bronx Charter School for the Arts,1
DOE,School - Bronx Center for Science and Mathematics,1
DOE,School - Bard High School Early College Queens,1
DOE,School - Astor Collegiate Academy,1
DOE,School - Alfred E Smith Campus YABC,1
DOE,School - Acorn High School for Social Justice,1
DORIS,DORIS,1
DOE,School - West Prepartory Academy,1
DOE,School - Waterside Children's Studio School,1
DOE,School - Urban Assembly Academy of Arts and Letters,1
DOE,School - PS Q16 The Nancy DeBenedittis School,1
DOE,School - PS 315 Lab School,1
DOE,School - PS 28 The Thomas Emanuel Early Childhood Center,1
DOE,School - PS 277,1
DOE,School - PS 231,1
DOE,School - PS 176,1
DOE,School - PS 165 Edith K Bergtraum,1
DOE,School - New Millennium Business Academy Middle School,1
DOE,School - Inwood Academy for Leadership Charter School,1
DOE,School - Icahn Charter School 5,1
DOE,School - IS 364 Gateway,1
DOE,School - Hostos-Lincoln Academy of Science,1
DOE,School - Global Community Charter School,1
DOE,School - George Washington Carver High School for the Sciences,1
DOE,School - Carl C Icahn Bronx North Charter School,1
DOE,School - Academy for Public Relations,1
DOE,School - ALC Lafayette Academy,1
DOE,School - PS 326,1
DOE,School - PS 31 Samuel F Dupont,1
DOE,School - PS 23 The New Children's School,1
DOE,School - PS 21 Margaret Emery - Elm Park,1
DOE,School - New Horizons School,1
DOE,School - Harlem Link Charter School,1
DOE,School - Green Dot New York Charter School,1
DOE,School - Eagle Academy for Young Men III,1
DOE,School - Brooklyn Landmark Elementary School,1
DOE,Alternative Superintendency,1
DOE,School - PS 39 Francis J Murphy Jr,1
DOE,School - Village Academy,1
DOE,School - Peace and Diversity Academy,1
DOE,School - PS 96,1
DOE,School - PS 44 Marcus Garvey,1
DOE,School - PS 23 at Queens Children Center,1
DOE,School - PS 203 Oakland Gardens,1
DOE,School - PS 157 Grove Hill,1
DOE,School - PS 134 Hollis,1
DOE,School - New Design High School,1
DOE,School - Mount Eden Children's Academy,1
DOE,School - Manhattan Village Academy,1
DOE,School - MS 596 Peace Academy,1
DOE,School - Herbert H Lehman YABC,1
DOE,School - Global Technology Preparatory,1
DOE,School - Frances Perkins Academy,1
DOE,School - Cornerstone Academy for Social Action Middle School (CASA),1
DOE,School - Bronx Park Middle School,1
DOE,School - Waterside School for Leadership,1
DOE,School - South Bronx Classical Charter School,1
DOE,School - PS 721 Stephen Mcsweeney School,1
DOE,School - PS 36,1
DOE,School - PS 309 George E Wibecan,1
DOE,School - PS 257 John F Hylan,1
DOE,School - PS 147 Isaac Remsen,1
DOE,School - New York French American Charter School,1
DOE,School - Cornerstone Academy for Social Action,1
DOE,School - Bedford Stuyvesant Collegiate Charter School,1
DOE,School - Arts and Media Preparatory Academy,1
DOE,School - Achievement First Endeavor Charter School,1
DOE,School - ALC Fundamentals Academy,1
DOE,School - World Academy for Total Community Health High School,1
DOE,School - Waterside Childrens Studio School,1
DOE,School - Soundview Academy for Culture and Scholarship,1
DOE,School - Pan American International High School at Monroe,1
DOE,School - PS-IS 187 Hudson Cliffs,1
DOE,School - PS R373,1
DOE,School - PS 9,1
DOE,School - PS 396 - Brooklyn,1
DOE,School - PS 212 - Bronx,1
DOE,School - PS 154 Queens,1
DOE,School - PS 130 Hernando Desoto,1
DOE,School - Madiba Prep Middle School,1
DOE,School - International High School at Lafayette,1
DOE,School - Hyde Leadership Charter School,1
DOE,School - Humanities Preparatory Academy,1
DOE,School - Frederick Douglass Academy V Middle School,1
DOE,School - Bronx Leadership Academy II High School,1
DOE,School - The New School for Leadership and Journalism,1
DOE,School - Rockway Park High School for Environmental Sustainability,1
DOE,School - Professional Performing Arts,1
DOE,School - PS Q255,1
DOE,School - PS 771,1
DOE,School - PS 44 David C Farragut,1
DOE,School - PS 287 Bailey K Ashford,1
DOE,School - PS 256,1
DOE,School - PS 155,1
DOE,School - Metropolitan Diploma Plus High School,1
DOE,School - Manhattan International High School,1
DOE,School - Jonas Bronck Academy,1
DOE,School - John V Lindsay Wildcat Academy Charter School,1
DOE,School - IS 303 Leadership and Community Service,1
DOE,School - High School for Public Service - Heroes of Tomorrow,1
DOE,School - City College Academy of the Arts,1
DOE,School - Queens Collegiate: A College Board School,1
DOE,School - Providing Urban Learners Success in Education High School,1
DOE,School - PS K141,1
DOE,School - PS 75 School of Research and Discovery,1
DOE,School - PS 197,1
DOE,School - PS 18 Park Terrace,1
DOE,School - PS 174 Dumont,1
DOE,School - PS 108 Philip J Abinanti,1
DOE,School - Muscota,1
DOE,School - G Westinghouse Evening High School,1
DOE,School - Fanny High School for Fire and Life Safety,1
DOE,School - Bushwick Leaders High School for Academic Excellence,1
DOE,School - Amber Charter School,1
DOE,School - Scholars' Academy,1
DOE,School - The Urban Assembly School for the Urban Environment,1
DOE,School - Summit Academy Charter School,1
DOE,School - Success Academy Charter School Brooklyn 6,1
DOE,School - Roads Charter School II,1
DOE,School - PS Q086,1
DOE,School - PS K077,1
DOE,School - PS 130 Hernando De Soto,1
DOE,School - PS 101 Andrew Draper,1
DOE,School - MS 243 Center School,1
DOE,School - East New York Middle School of Excellence,1
DOE,School - East Flatbush Community Research School,1
DOE,School - Brooklyn Urban Garden Charter School,1
DOE,School - Brooklyn International High School,1
DOE,School - Academy of Collaborative Education,1
DOE,School - The School of Science and Applied Learning,1
LPC,LPC,1
DOE,School - PS X014 Senator John Calandra,1
DOE,School - PS 31 William T Davis,1
DOE,School - PS 146 Edward Collins,1
DOE,School - PS 130 Abram Stevens Hewitt,1
DOE,School - Newcomers High School,1
DOE,School - MS 324 - Patria Mirabal,1
DOE,School - Lafayette High School,1
DOE,School - High School for Media and Communications,1
DOE,School - East Side Community High School,1
DOE,School - Carl C Icahn South Bronx Charter School,1
DOE,School - Academy of Public Relations,1
DOE,School - Academy of Applied Mathematics and Technology,1
DOE,School - Academy for Scholarship and Entrepreneurship: A College Board School,1
DOE,School - Wave Preparatory Elementary School,1
DOE,School - Success Academy Charter School Bed-Stuy 1,1
DOE,School - PS-IS 137 Rachel Jean Mitchell,1
DOE,School - PS 264 Bay Ridge Elementary School for the Arts,1
DOE,School - PS 171 Patrick Henry,1
DOE,School - PS 140,1
DOE,School - Lyons Community School,1
DOE,School - JHS 45 Thomas C Giordano,1
DOE,School - Holcombe L Rucker School of Community Research,1
DOE,School - East Side Elementary School, PS 267,1
DOE,School - Business, Computer Applications, and Entrepreneurship High School,1
DSNY,CFC - Staten Island,1
DOF,Correspondence Unit,1
DOF,DOF Legal Affairs,1
DOE,School - Young Women's Leadership School of the Bronx,1
DOE,School - The College Academy,1
DOE,School - The Brooklyn School for Math and Research,1
DOE,School - PS MS 138 Sunrise,1
DOE,School - PS 91 Bronx,1
DOE,School - PS 397 Foster-Laurie,1
DOE,School - PS 247 Brooklyn,1
DOE,School - PS 133,1
DOE,School - MS 180 Dr Daniel Hale Williams,1
DOE,School - MS 158 Marie Curie,1
DOE,School - JHS 202 Robert H Goddard,1
DOE,School - JHS 151 Lou Gehrig,1
DOE,School - Great Oaks Charter School,1
DOE,School - Emma Lazarus High School,1
DOE,School - Christopher Avenue Community School,1
DOE,School - C Columbus High School YABC,1
DOE,School - Ampark Neighborhood,1
DOE,School - PS Q811,1
